출발항코드(DEPARTURE_PORT_CODE),출발항명(DEPARTURE_PORT_NAME),도착항코드(DEST_PORT_CODE),도착항명(DEST_PORT_NAME),도착항국가(DEST_COUNTRY),기준일자(DATE),항만효율성(PORT_EFFICIENCY),총항해시간(TOTAL_SAILING_TIME),대기시간(WAITING_TIME),항만정시성(ON_TIME_PERFORMANCE)
KRPUS,부산항,AEJEA,제벨알리항,AE,2025-05-28,23.69,644.5,0.0,7.94
KRPUS,부산항,AEJEA,제벨알리항,AE,2025-06-11,22.01,608.54,0.0,16.2
KRPUS,부산항,AEJEA,제벨알리항,AE,2025-06-11,16.52,749.45,0.0,1.36
KRPUS,부산항,AEJEA,제벨알리항,AE,2025-06-30,22.37,634.28,0.0,7.44
KRPUS,부산항,AEJEA,제벨알리항,AE,2025-06-30,16.37,654.99,0.0,1.8
KRPUS,부산항,AEJEA,제벨알리항,AE,2025-06-30,19.06,647.97,0.0,1.34
KRPUS,부산항,AEJEA,제벨알리항,AE,2025-07-08,23.08,571.06,0.0,-7.48
KRPUS,부산항,AEJEA,제벨알리항,AE,2025-07-29,15.57,678.95,0.0,3.43
KRPUS,부산항,AEJEA,제벨알리항,AE,2025-07-29,18.35,638.18,0.0,2.79
KRPUS,부산항,AEJEA,제벨알리항,AE,2025-08-06,22.66,632.75,0.0,4.94
KRPUS,부산항,AEJEA,제벨알리항,AE,2025-08-13,16.58,678.84,0.0,1.09
KRPUS,부산항,AEJEA,제벨알리항,AE,2025-08-21,24.85,618.32,0.0,2.76
KRPUS,부산항,AEJEA,제벨알리항,AE,2025-08-28,17.62,617.11,0.0,11.04
KRPUS,부산항,AEJEA,제벨알리항,AE,2025-09-10,17.76,676.15,0.0,13.95
KRPUS,부산항,AEJEA,제벨알리항,AE,2025-09-10,15.13,674.43,0.0,6.93
KRPUS,부산항,AEJEA,제벨알리항,AE,2025-09-24,24.96,660.22,0.0,5.02
KRPUS,부산항,AEJEA,제벨알리항,AE,2025-10-15,21.25,669.18,0.0,1.62
KRPUS,부산항,AEJEA,제벨알리항,AE,2025-10-15,16.29,655.12,0.0,1.43
KRPUS,부산항,AEJEA,제벨알리항,AE,2025-10-15,25.14,680.22,0.0,4.82
KRPUS,부산항,AEJEA,제벨알리항,AE,2025-10-15,29.4,453.14,0.0,4.34
KRPUS,부산항,AEJEA,제벨알리항,AE,2025-10-22,17.45,667.15,0.0,7.95
KRPUS,부산항,AEJEA,제벨알리항,AE,2025-10-28,25.0,674.23,0.0,1.69
KRPUS,부산항,AEJEA,제벨알리항,AE,2025-11-05,25.12,605.68,0.0,6.95
KRPUS,부산항,AEJEA,제벨알리항,AE,2025-12-02,16.62,622.07,0.0,11.95
KRPUS,부산항,AEJEA,제벨알리항,AE,2025-12-08,26.52,705.46,0.0,13.95
KRPUS,부산항,AEJEA,제벨알리항,AE,2025-12-15,16.76,670.22,0.0,2.41
KRPUS,부산항,AEJEA,제벨알리항,AE,2025-12-22,18.79,652.19,0.0,4.76
KRPUS,부산항,AEJEA,제벨알리항,AE,2025-12-29,16.65,600.26,0.0,1.95
KRPUS,부산항,AEJEA,제벨알리항,AE,2026-01-05,19.47,645.48,0.0,4.43
KRPUS,부산항,AEJEA,제벨알리항,AE,2026-01-12,16.35,631.94,0.0,4.42
KRPUS,부산항,AEJEA,제벨알리항,AE,2026-01-19,19.64,660.89,0.0,2.92
KRPUS,부산항,AEJEA,제벨알리항,AE,2026-01-27,15.32,622.61,0.0,3.87
KRPUS,부산항,AEJEA,제벨알리항,AE,2026-02-02,13.89,671.09,0.0,1.93
KRPUS,부산항,AEJEA,제벨알리항,AE,2026-02-09,8.08,727.24,0.0,2.94
KRPUS,부산항,AEJEA,제벨알리항,AE,2026-02-23,21.68,672.59,0.0,-0.22
KRPUS,부산항,AEJEA,제벨알리항,AE,2026-02-23,19.66,647.18,0.0,-2.38
KRPUS,부산항,AEJEA,제벨알리항,AE,2026-03-09,17.0,621.07,0.0,1.97
KRPUS,부산항,BEANR,안트베르펜항,BE,2025-06-30,26.08,1279.02,0.0,20.9
KRPUS,부산항,BEANR,안트베르펜항,BE,2025-07-08,31.13,1218.46,0.26,-30.58
KRPUS,부산항,BEANR,안트베르펜항,BE,2025-07-29,26.97,1378.26,0.0,18.93
KRPUS,부산항,BEANR,안트베르펜항,BE,2025-08-06,29.52,1175.09,0.0,50.46
KRPUS,부산항,BEANR,안트베르펜항,BE,2025-08-13,27.51,1123.11,0.62,15.19
KRPUS,부산항,BEANR,안트베르펜항,BE,2025-08-21,28.71,1280.31,0.44,-35.57
KRPUS,부산항,BEANR,안트베르펜항,BE,2025-08-28,27.9,1301.69,0.0,8.42
KRPUS,부산항,BEANR,안트베르펜항,BE,2025-09-10,23.97,1219.43,0.12,-6.24
KRPUS,부산항,BEANR,안트베르펜항,BE,2025-09-10,16.96,1144.67,0.11,-38.1
KRPUS,부산항,BEANR,안트베르펜항,BE,2025-09-24,15.19,1260.39,0.0,39.93
KRPUS,부산항,BEANR,안트베르펜항,BE,2025-11-05,30.53,1405.51,0.63,-13.57
KRPUS,부산항,BEANR,안트베르펜항,BE,2025-11-18,22.16,1421.84,0.24,8.94
KRPUS,부산항,BEANR,안트베르펜항,BE,2025-12-29,33.34,1413.65,0.0,31.91
KRPUS,부산항,BEANR,안트베르펜항,BE,2026-02-02,23.52,1632.54,0.0,6.46
KRPUS,부산항,BEANR,안트베르펜항,BE,2026-02-09,30.55,1423.66,0.0,13.95
KRPUS,부산항,BEANR,안트베르펜항,BE,2026-02-23,35.39,1328.71,0.0,6.96
KRPUS,부산항,BEANR,안트베르펜항,BE,2026-03-09,28.27,1410.77,0.0,5.48
KRPUS,부산항,BEANR,안트베르펜항,BE,2026-03-09,20.2,1511.82,0.0,10.46
KRPUS,부산항,BEANR,안트베르펜항,BE,2026-03-30,33.42,1330.62,0.0,6.2
KRPUS,부산항,BEANR,안트베르펜항,BE,2026-04-13,33.46,1325.55,0.0,6.87
KRPUS,부산항,BEANR,안트베르펜항,BE,2026-04-13,27.67,1402.37,0.0,19.97
KRPUS,부산항,BEANR,안트베르펜항,BE,2026-04-24,36.72,1385.35,0.7,-40.03
KRPUS,부산항,BEANR,안트베르펜항,BE,2026-06-22,33.07,1266.95,0.0,13.95
KRPUS,부산항,CNSHG,상하이항,CN,2025-05-28,15.47,37.94,0.08,7.61
KRPUS,부산항,CNSHG,상하이항,CN,2025-06-11,16.74,43.88,0.15,12.87
KRPUS,부산항,CNSHG,상하이항,CN,2025-06-30,15.03,36.42,0.41,-0.81
KRPUS,부산항,CNSHG,상하이항,CN,2025-06-30,19.16,37.01,0.29,8.6
KRPUS,부산항,CNSHG,상하이항,CN,2025-06-30,15.33,43.23,0.06,9.65
KRPUS,부산항,CNSHG,상하이항,CN,2025-07-08,21.45,42.4,0.0,10.93
KRPUS,부산항,CNSHG,상하이항,CN,2025-07-16,16.15,37.71,0.05,10.22
KRPUS,부산항,CNSHG,상하이항,CN,2025-07-29,16.07,41.71,0.2,6.63
KRPUS,부산항,CNSHG,상하이항,CN,2025-07-29,15.03,37.95,0.19,1.48
KRPUS,부산항,CNSHG,상하이항,CN,2025-08-06,14.18,43.25,0.21,1.84
KRPUS,부산항,CNSHG,상하이항,CN,2025-08-13,13.97,40.08,0.35,7.58
KRPUS,부산항,CNSHG,상하이항,CN,2025-08-21,12.99,39.01,0.33,2.15
KRPUS,부산항,CNSHG,상하이항,CN,2025-08-28,16.8,37.42,0.54,3.06
KRPUS,부산항,CNSHG,상하이항,CN,2025-09-10,14.15,43.76,0.22,9.28
KRPUS,부산항,CNSHG,상하이항,CN,2025-09-10,16.06,38.21,0.29,12.48
KRPUS,부산항,CNSHG,상하이항,CN,2025-09-24,14.35,42.92,0.49,-5.68
KRPUS,부산항,CNSHG,상하이항,CN,2025-10-15,17.18,46.97,0.13,8.54
KRPUS,부산항,CNSHG,상하이항,CN,2025-10-15,13.92,41.67,0.21,10.21
KRPUS,부산항,CNSHG,상하이항,CN,2025-10-15,17.15,34.61,0.18,-2.31
KRPUS,부산항,CNSHG,상하이항,CN,2025-10-15,13.42,37.17,0.22,6.72
KRPUS,부산항,CNSHG,상하이항,CN,2025-10-22,17.22,29.14,0.14,24.21
KRPUS,부산항,CNSHG,상하이항,CN,2025-10-28,17.25,41.37,0.05,2.27
KRPUS,부산항,CNSHG,상하이항,CN,2025-11-05,13.5,48.8,0.0,7.69
KRPUS,부산항,CNSHG,상하이항,CN,2025-11-18,15.8,40.83,0.48,10.74
KRPUS,부산항,CNSHG,상하이항,CN,2025-11-18,15.87,38.79,0.17,4.57
KRPUS,부산항,CNSHG,상하이항,CN,2025-12-02,12.69,37.4,0.22,23.9
KRPUS,부산항,CNSHG,상하이항,CN,2025-12-08,14.49,39.39,0.07,11.78
KRPUS,부산항,CNSHG,상하이항,CN,2025-12-15,14.52,34.95,0.25,34.93
KRPUS,부산항,CNSHG,상하이항,CN,2025-12-22,14.73,44.44,0.08,10.72
KRPUS,부산항,CNSHG,상하이항,CN,2025-12-29,15.75,37.83,0.27,14.26
KRPUS,부산항,CNSHG,상하이항,CN,2026-01-05,18.2,32.81,0.47,1.91
KRPUS,부산항,CNSHG,상하이항,CN,2026-01-12,16.07,31.14,0.36,26.14
KRPUS,부산항,CNSHG,상하이항,CN,2026-01-19,9.57,38.5,0.32,42.2
KRPUS,부산항,CNSHG,상하이항,CN,2026-02-02,15.48,36.8,0.39,11.1
KRPUS,부산항,CNSHG,상하이항,CN,2026-02-09,12.15,42.73,0.21,34.66
KRPUS,부산항,CNSHG,상하이항,CN,2026-02-23,15.01,45.9,0.0,8.92
KRPUS,부산항,CNSHG,상하이항,CN,2026-02-23,14.56,40.91,0.84,7.27
KRPUS,부산항,CNSHG,상하이항,CN,2026-03-09,15.94,44.23,0.08,20.39
KRPUS,부산항,CNSHG,상하이항,CN,2026-03-09,13.25,40.05,0.16,28.46
KRPUS,부산항,CNSHG,상하이항,CN,2026-03-16,13.7,42.96,0.19,23.84
KRPUS,부산항,CNSHG,상하이항,CN,2026-03-23,16.44,43.23,0.1,12.13
KRPUS,부산항,CNSHG,상하이항,CN,2026-03-30,18.04,40.76,0.37,19.13
KRPUS,부산항,CNSHG,상하이항,CN,2026-04-13,13.88,45.27,0.16,3.91
KRPUS,부산항,CNSHG,상하이항,CN,2026-04-13,12.87,44.82,0.07,39.75
KRPUS,부산항,CNSHG,상하이항,CN,2026-04-24,15.42,46.83,0.18,8.68
KRPUS,부산항,CNSHG,상하이항,CN,2026-04-27,14.61,40.29,0.21,11.84
KRPUS,부산항,CNSHG,상하이항,CN,2026-05-12,16.8,41.82,0.27,16.91
KRPUS,부산항,CNSHG,상하이항,CN,2026-05-29,16.85,42.28,0.14,8.65
KRPUS,부산항,CNSHG,상하이항,CN,2026-06-15,15.8,37.46,0.78,0.96
KRPUS,부산항,CNSHG,상하이항,CN,2026-06-15,16.14,40.56,0.56,3.39
KRPUS,부산항,CNSHG,상하이항,CN,2026-06-15,16.35,42.38,0.3,7.21
KRPUS,부산항,CNSHG,상하이항,CN,2026-06-22,12.4,37.85,0.32,0.51
KRPUS,부산항,CNTAO,칭다오항,CN,2025-05-28,19.62,35.82,0.39,-5.6
KRPUS,부산항,CNTAO,칭다오항,CN,2025-06-11,18.44,38.58,0.12,0.91
KRPUS,부산항,CNTAO,칭다오항,CN,2025-06-30,18.58,40.3,0.38,-19.44
KRPUS,부산항,CNTAO,칭다오항,CN,2025-06-30,15.12,42.88,0.34,4.51
KRPUS,부산항,CNTAO,칭다오항,CN,2025-06-30,22.87,39.66,0.1,-6.35
KRPUS,부산항,CNTAO,칭다오항,CN,2025-07-08,16.39,40.42,0.55,-12.03
KRPUS,부산항,CNTAO,칭다오항,CN,2025-07-16,22.1,36.09,0.43,-8.97
KRPUS,부산항,CNTAO,칭다오항,CN,2025-07-29,20.2,44.24,0.37,-9.36
KRPUS,부산항,CNTAO,칭다오항,CN,2025-07-29,19.9,38.57,0.09,2.15
KRPUS,부산항,CNTAO,칭다오항,CN,2025-08-06,19.39,35.03,0.08,-4.72
KRPUS,부산항,CNTAO,칭다오항,CN,2025-08-13,19.59,37.39,0.19,-8.97
KRPUS,부산항,CNTAO,칭다오항,CN,2025-08-21,15.54,40.68,0.15,-0.34
KRPUS,부산항,CNTAO,칭다오항,CN,2025-08-28,14.35,41.86,0.21,-15.53
KRPUS,부산항,CNTAO,칭다오항,CN,2025-09-10,17.19,35.32,0.27,-2.93
KRPUS,부산항,CNTAO,칭다오항,CN,2025-09-10,16.89,39.15,0.19,-6.08
KRPUS,부산항,CNTAO,칭다오항,CN,2025-09-24,16.97,40.16,0.16,-3.37
KRPUS,부산항,CNTAO,칭다오항,CN,2025-10-15,13.23,33.6,0.42,-1.31
KRPUS,부산항,CNTAO,칭다오항,CN,2025-10-15,13.68,43.83,0.45,1.08
KRPUS,부산항,CNTAO,칭다오항,CN,2025-10-15,15.01,39.44,0.48,-19.97
KRPUS,부산항,CNTAO,칭다오항,CN,2025-10-15,20.5,35.53,0.22,1.17
KRPUS,부산항,CNTAO,칭다오항,CN,2025-10-22,17.87,43.71,1.51,-141.08
KRPUS,부산항,CNTAO,칭다오항,CN,2025-11-05,8.36,28.97,0.2,-6.94
KRPUS,부산항,CNTAO,칭다오항,CN,2025-11-18,22.24,43.76,1.25,-104.08
KRPUS,부산항,CNTAO,칭다오항,CN,2025-11-18,13.61,37.19,0.77,-23.81
KRPUS,부산항,CNTAO,칭다오항,CN,2025-12-08,22.41,38.05,0.91,3.93
KRPUS,부산항,CNTAO,칭다오항,CN,2025-12-15,15.3,38.06,0.18,0.28
KRPUS,부산항,CNTAO,칭다오항,CN,2025-12-22,22.0,46.61,0.19,8.9
KRPUS,부산항,CNTAO,칭다오항,CN,2025-12-29,19.75,38.08,0.33,4.5
KRPUS,부산항,CNTAO,칭다오항,CN,2026-01-05,23.02,47.96,0.0,14.91
KRPUS,부산항,CNTAO,칭다오항,CN,2026-01-12,11.82,41.53,0.09,7.25
KRPUS,부산항,CNTAO,칭다오항,CN,2026-01-27,22.15,44.21,0.5,0.42
KRPUS,부산항,CNTAO,칭다오항,CN,2026-02-02,16.69,35.37,0.52,1.25
KRPUS,부산항,CNTAO,칭다오항,CN,2026-02-09,16.56,41.39,0.52,-3.37
KRPUS,부산항,CNTAO,칭다오항,CN,2026-02-23,15.82,46.51,0.28,5.88
KRPUS,부산항,CNTAO,칭다오항,CN,2026-02-23,14.05,47.4,0.02,0.71
KRPUS,부산항,CNTAO,칭다오항,CN,2026-03-09,17.57,34.91,0.32,-0.87
KRPUS,부산항,CNTAO,칭다오항,CN,2026-03-16,17.33,38.0,0.1,-0.59
KRPUS,부산항,CNTAO,칭다오항,CN,2026-03-23,16.79,41.87,0.19,2.79
KRPUS,부산항,CNTAO,칭다오항,CN,2026-03-30,13.09,42.92,0.62,-1.87
KRPUS,부산항,CNTAO,칭다오항,CN,2026-04-13,13.41,42.6,0.7,2.21
KRPUS,부산항,CNTAO,칭다오항,CN,2026-04-13,19.72,38.28,0.88,-37.05
KRPUS,부산항,CNTAO,칭다오항,CN,2026-04-24,16.83,34.73,0.78,9.67
KRPUS,부산항,CNTAO,칭다오항,CN,2026-04-27,15.67,51.79,0.28,19.79
KRPUS,부산항,CNTAO,칭다오항,CN,2026-05-12,16.11,42.1,0.34,-243.44
KRPUS,부산항,CNTAO,칭다오항,CN,2026-05-29,15.78,37.34,0.14,-10.58
KRPUS,부산항,CNTAO,칭다오항,CN,2026-06-15,17.79,39.73,0.88,-16.57
KRPUS,부산항,CNTAO,칭다오항,CN,2026-06-15,19.82,41.52,0.85,-5.74
KRPUS,부산항,CNTAO,칭다오항,CN,2026-06-15,15.54,40.27,0.58,1.64
KRPUS,부산항,CNTAO,칭다오항,CN,2026-06-22,14.52,36.15,0.27,0.18
KRPUS,부산항,DEHAM,함부르크항,DE,2025-06-30,35.55,1572.06,0.32,3.96
KRPUS,부산항,DEHAM,함부르크항,DE,2025-06-30,17.59,1368.95,0.0,4.4
KRPUS,부산항,DEHAM,함부르크항,DE,2025-07-08,25.59,1468.24,0.43,-38.06
KRPUS,부산항,DEHAM,함부르크항,DE,2025-08-06,30.05,1369.82,0.56,0.64
KRPUS,부산항,DEHAM,함부르크항,DE,2025-08-13,22.04,1287.5,0.0,-1.33
KRPUS,부산항,DEHAM,함부르크항,DE,2025-10-15,26.59,1396.02,1.01,5.94
KRPUS,부산항,DEHAM,함부르크항,DE,2025-12-02,26.83,1406.2,0.0,5.46
KRPUS,부산항,DEHAM,함부르크항,DE,2025-12-15,6.95,1618.34,0.0,11.95
KRPUS,부산항,DEHAM,함부르크항,DE,2026-01-05,31.35,1315.64,3.04,-2.06
KRPUS,부산항,DEHAM,함부르크항,DE,2026-01-27,41.29,1366.73,2.49,-1.04
KRPUS,부산항,DEHAM,함부르크항,DE,2026-02-23,32.24,1496.29,0.0,7.94
KRPUS,부산항,DEHAM,함부르크항,DE,2026-03-09,25.13,1466.0,1.07,14.96
KRPUS,부산항,DEHAM,함부르크항,DE,2026-04-13,36.72,1222.34,0.21,29.96
KRPUS,부산항,DEHAM,함부르크항,DE,2026-06-15,22.63,1445.44,0.72,-72.05
KRPUS,부산항,DEHAM,함부르크항,DE,2026-06-22,42.37,1545.64,0.0,19.92
KRPUS,부산항,HKHKG,홍콩항,HK,2025-05-28,18.45,73.49,0.0,5.43
KRPUS,부산항,HKHKG,홍콩항,HK,2025-06-11,14.02,76.04,0.0,-7.02
KRPUS,부산항,HKHKG,홍콩항,HK,2025-06-30,20.4,72.69,0.0,3.94
KRPUS,부산항,HKHKG,홍콩항,HK,2025-06-30,16.97,77.56,0.0,4.7
KRPUS,부산항,HKHKG,홍콩항,HK,2025-07-08,15.02,76.08,0.0,-8.54
KRPUS,부산항,HKHKG,홍콩항,HK,2025-07-29,21.34,75.64,0.0,13.17
KRPUS,부산항,HKHKG,홍콩항,HK,2025-08-21,21.14,71.85,0.0,2.94
KRPUS,부산항,HKHKG,홍콩항,HK,2025-08-28,15.68,74.3,0.0,-1.57
KRPUS,부산항,HKHKG,홍콩항,HK,2025-09-10,12.46,75.22,0.0,-3.54
KRPUS,부산항,HKHKG,홍콩항,HK,2025-10-15,20.05,70.96,0.0,3.94
KRPUS,부산항,HKHKG,홍콩항,HK,2025-10-15,19.65,77.57,0.0,5.46
KRPUS,부산항,HKHKG,홍콩항,HK,2025-11-05,21.12,78.65,0.0,1.7
KRPUS,부산항,HKHKG,홍콩항,HK,2025-11-18,16.78,72.24,0.0,-23.05
KRPUS,부산항,HKHKG,홍콩항,HK,2025-12-08,9.55,74.48,0.0,1.97
KRPUS,부산항,HKHKG,홍콩항,HK,2026-01-05,22.39,69.66,0.0,-3.12
KRPUS,부산항,HKHKG,홍콩항,HK,2026-01-12,21.11,70.9,0.04,-8.13
KRPUS,부산항,HKHKG,홍콩항,HK,2026-01-27,21.36,81.64,0.0,7.92
KRPUS,부산항,HKHKG,홍콩항,HK,2026-02-09,15.13,70.05,0.0,13.96
KRPUS,부산항,HKHKG,홍콩항,HK,2026-02-23,16.73,73.62,0.0,-6.13
KRPUS,부산항,HKHKG,홍콩항,HK,2026-03-09,18.64,67.73,0.19,-1.32
KRPUS,부산항,HKHKG,홍콩항,HK,2026-03-09,9.16,74.93,0.0,2.98
KRPUS,부산항,HKHKG,홍콩항,HK,2026-03-16,14.5,68.59,0.0,2.47
KRPUS,부산항,HKHKG,홍콩항,HK,2026-03-23,19.53,81.92,0.0,1.94
KRPUS,부산항,HKHKG,홍콩항,HK,2026-03-30,17.03,75.48,0.03,-3.99
KRPUS,부산항,HKHKG,홍콩항,HK,2026-04-13,10.01,79.01,0.0,1.93
KRPUS,부산항,HKHKG,홍콩항,HK,2026-04-13,15.39,76.62,0.0,3.96
KRPUS,부산항,HKHKG,홍콩항,HK,2026-04-27,17.74,75.82,0.0,-0.97
KRPUS,부산항,HKHKG,홍콩항,HK,2026-05-29,21.02,81.53,0.0,7.45
KRPUS,부산항,HKHKG,홍콩항,HK,2026-06-15,14.5,74.34,0.0,6.76
KRPUS,부산항,HKHKG,홍콩항,HK,2026-06-15,16.53,77.97,0.0,-2.32
KRPUS,부산항,HKHKG,홍콩항,HK,2026-06-15,9.97,79.02,0.0,1.94
KRPUS,부산항,KPLI,KOBC PORT&LOGISTICS INDICATOR (종합),,2025-05-28,18.99,239.37,0.13,2.29
KRPUS,부산항,KPLI,KOBC PORT&LOGISTICS INDICATOR (종합),,2025-06-11,21.48,280.38,0.06,10.84
KRPUS,부산항,KPLI,KOBC PORT&LOGISTICS INDICATOR (종합),,2025-06-11,20.45,446.38,0.0,23.58
KRPUS,부산항,KPLI,KOBC PORT&LOGISTICS INDICATOR (종합),,2025-06-30,20.06,324.43,0.19,5.72
KRPUS,부산항,KPLI,KOBC PORT&LOGISTICS INDICATOR (종합),,2025-06-30,20.67,319.09,0.11,9.72
KRPUS,부산항,KPLI,KOBC PORT&LOGISTICS INDICATOR (종합),,2025-06-30,19.7,299.25,0.07,13.01
KRPUS,부산항,KPLI,KOBC PORT&LOGISTICS INDICATOR (종합),,2025-07-08,21.16,361.97,0.12,4.02
KRPUS,부산항,KPLI,KOBC PORT&LOGISTICS INDICATOR (종합),,2025-07-16,19.06,251.7,0.11,0.9
KRPUS,부산항,KPLI,KOBC PORT&LOGISTICS INDICATOR (종합),,2025-07-29,18.63,232.41,0.15,3.09
KRPUS,부산항,KPLI,KOBC PORT&LOGISTICS INDICATOR (종합),,2025-07-29,19.45,326.72,0.07,7.87
KRPUS,부산항,KPLI,KOBC PORT&LOGISTICS INDICATOR (종합),,2025-08-06,20.22,410.96,0.16,2.68
KRPUS,부산항,KPLI,KOBC PORT&LOGISTICS INDICATOR (종합),,2025-08-13,18.81,338.23,0.14,9.48
KRPUS,부산항,KPLI,KOBC PORT&LOGISTICS INDICATOR (종합),,2025-08-21,19.0,348.59,0.12,6.77
KRPUS,부산항,KPLI,KOBC PORT&LOGISTICS INDICATOR (종합),,2025-08-28,17.66,248.71,0.16,5.94
KRPUS,부산항,KPLI,KOBC PORT&LOGISTICS INDICATOR (종합),,2025-09-10,17.08,296.96,0.11,8.18
KRPUS,부산항,KPLI,KOBC PORT&LOGISTICS INDICATOR (종합),,2025-09-10,17.85,283.97,0.15,12.52
KRPUS,부산항,KPLI,KOBC PORT&LOGISTICS INDICATOR (종합),,2025-09-24,18.63,345.76,0.16,7.92
KRPUS,부산항,KPLI,KOBC PORT&LOGISTICS INDICATOR (종합),,2025-10-15,20.14,417.01,0.16,11.44
KRPUS,부산항,KPLI,KOBC PORT&LOGISTICS INDICATOR (종합),,2025-10-15,16.33,256.12,0.16,14.35
KRPUS,부산항,KPLI,KOBC PORT&LOGISTICS INDICATOR (종합),,2025-10-15,15.64,344.93,0.11,6.84
KRPUS,부산항,KPLI,KOBC PORT&LOGISTICS INDICATOR (종합),,2025-10-15,17.69,309.66,0.08,9.77
KRPUS,부산항,KPLI,KOBC PORT&LOGISTICS INDICATOR (종합),,2025-10-22,18.96,297.64,0.24,10.14
KRPUS,부산항,KPLI,KOBC PORT&LOGISTICS INDICATOR (종합),,2025-10-28,19.25,281.33,0.12,10.23
KRPUS,부산항,KPLI,KOBC PORT&LOGISTICS INDICATOR (종합),,2025-11-05,18.51,391.86,0.04,7.61
KRPUS,부산항,KPLI,KOBC PORT&LOGISTICS INDICATOR (종합),,2025-11-18,17.05,269.17,0.31,6.18
KRPUS,부산항,KPLI,KOBC PORT&LOGISTICS INDICATOR (종합),,2025-11-18,18.23,348.45,0.11,8.0
KRPUS,부산항,KPLI,KOBC PORT&LOGISTICS INDICATOR (종합),,2025-12-02,18.11,348.01,0.08,16.99
KRPUS,부산항,KPLI,KOBC PORT&LOGISTICS INDICATOR (종합),,2025-12-08,17.26,271.29,0.08,16.01
KRPUS,부산항,KPLI,KOBC PORT&LOGISTICS INDICATOR (종합),,2025-12-15,19.15,381.61,0.07,13.22
KRPUS,부산항,KPLI,KOBC PORT&LOGISTICS INDICATOR (종합),,2025-12-22,19.77,375.56,0.04,14.26
KRPUS,부산항,KPLI,KOBC PORT&LOGISTICS INDICATOR (종합),,2025-12-29,19.16,256.27,0.13,10.9
KRPUS,부산항,KPLI,KOBC PORT&LOGISTICS INDICATOR (종합),,2026-01-05,21.63,340.49,0.25,3.8
KRPUS,부산항,KPLI,KOBC PORT&LOGISTICS INDICATOR (종합),,2026-01-12,18.77,322.69,0.1,15.86
KRPUS,부산항,KPLI,KOBC PORT&LOGISTICS INDICATOR (종합),,2026-01-19,18.15,317.36,0.08,10.85
KRPUS,부산항,KPLI,KOBC PORT&LOGISTICS INDICATOR (종합),,2026-01-27,18.72,358.4,0.17,13.58
KRPUS,부산항,KPLI,KOBC PORT&LOGISTICS INDICATOR (종합),,2026-02-02,19.52,319.92,0.13,13.01
KRPUS,부산항,KPLI,KOBC PORT&LOGISTICS INDICATOR (종합),,2026-02-09,19.22,404.11,0.05,-7.18
KRPUS,부산항,KPLI,KOBC PORT&LOGISTICS INDICATOR (종합),,2026-02-23,19.51,389.8,0.07,7.38
KRPUS,부산항,KPLI,KOBC PORT&LOGISTICS INDICATOR (종합),,2026-02-23,18.51,392.1,0.11,7.09
KRPUS,부산항,KPLI,KOBC PORT&LOGISTICS INDICATOR (종합),,2026-03-09,18.64,308.87,0.07,8.54
KRPUS,부산항,KPLI,KOBC PORT&LOGISTICS INDICATOR (종합),,2026-03-09,19.27,373.35,0.12,19.01
KRPUS,부산항,KPLI,KOBC PORT&LOGISTICS INDICATOR (종합),,2026-03-16,16.92,190.01,0.07,17.65
KRPUS,부산항,KPLI,KOBC PORT&LOGISTICS INDICATOR (종합),,2026-03-23,19.25,239.85,0.06,12.85
KRPUS,부산항,KPLI,KOBC PORT&LOGISTICS INDICATOR (종합),,2026-03-30,19.6,343.87,0.09,12.19
KRPUS,부산항,KPLI,KOBC PORT&LOGISTICS INDICATOR (종합),,2026-04-13,17.83,268.43,0.14,7.31
KRPUS,부산항,KPLI,KOBC PORT&LOGISTICS INDICATOR (종합),,2026-04-13,17.23,351.85,0.08,12.06
KRPUS,부산항,KPLI,KOBC PORT&LOGISTICS INDICATOR (종합),,2026-04-24,18.99,321.4,0.12,7.15
KRPUS,부산항,KPLI,KOBC PORT&LOGISTICS INDICATOR (종합),,2026-04-27,18.23,291.21,0.07,10.38
KRPUS,부산항,KPLI,KOBC PORT&LOGISTICS INDICATOR (종합),,2026-05-12,18.25,266.87,0.14,-50.56
KRPUS,부산항,KPLI,KOBC PORT&LOGISTICS INDICATOR (종합),,2026-05-29,19.13,283.98,0.05,6.37
KRPUS,부산항,KPLI,KOBC PORT&LOGISTICS INDICATOR (종합),,2026-06-15,17.51,261.32,0.26,12.15
KRPUS,부산항,KPLI,KOBC PORT&LOGISTICS INDICATOR (종합),,2026-06-15,18.34,228.35,0.25,8.69
KRPUS,부산항,KPLI,KOBC PORT&LOGISTICS INDICATOR (종합),,2026-06-15,18.65,272.66,0.15,8.74
KRPUS,부산항,KPLI,KOBC PORT&LOGISTICS INDICATOR (종합),,2026-06-22,18.81,435.13,0.06,13.19
KRPUS,부산항,NLRTM,로테르담항,NL,2025-05-28,13.49,1188.99,0.0,11.42
KRPUS,부산항,NLRTM,로테르담항,NL,2025-06-11,15.25,1182.47,0.0,20.42
KRPUS,부산항,NLRTM,로테르담항,NL,2025-06-30,25.59,1325.47,0.52,37.17
KRPUS,부산항,NLRTM,로테르담항,NL,2025-06-30,31.05,1411.78,0.0,13.47
KRPUS,부산항,NLRTM,로테르담항,NL,2025-06-30,34.56,1306.55,0.0,9.43
KRPUS,부산항,NLRTM,로테르담항,NL,2025-07-08,44.13,1332.38,0.0,3.34
KRPUS,부산항,NLRTM,로테르담항,NL,2025-07-29,47.01,1428.5,0.8,-2.07
KRPUS,부산항,NLRTM,로테르담항,NL,2025-08-06,30.55,1352.79,0.64,-58.78
KRPUS,부산항,NLRTM,로테르담항,NL,2025-08-13,29.44,1456.53,0.0,3.92
KRPUS,부산항,NLRTM,로테르담항,NL,2025-08-21,34.8,1265.45,0.41,17.36
KRPUS,부산항,NLRTM,로테르담항,NL,2025-09-10,26.17,1393.9,0.0,14.92
KRPUS,부산항,NLRTM,로테르담항,NL,2025-09-24,29.15,1378.67,0.0,9.81
KRPUS,부산항,NLRTM,로테르담항,NL,2025-11-05,27.13,1268.57,0.0,2.94
KRPUS,부산항,NLRTM,로테르담항,NL,2025-11-18,43.41,1383.64,0.16,-6.08
KRPUS,부산항,NLRTM,로테르담항,NL,2025-12-15,31.63,1241.37,0.0,10.43
KRPUS,부산항,NLRTM,로테르담항,NL,2025-12-22,36.76,1253.22,0.0,10.92
KRPUS,부산항,NLRTM,로테르담항,NL,2026-01-05,33.33,1350.67,0.05,3.92
KRPUS,부산항,NLRTM,로테르담항,NL,2026-01-12,41.29,1289.72,0.0,3.96
KRPUS,부산항,NLRTM,로테르담항,NL,2026-02-09,35.73,1299.32,0.0,46.95
KRPUS,부산항,NLRTM,로테르담항,NL,2026-03-09,20.2,1480.82,0.0,-0.54
KRPUS,부산항,NLRTM,로테르담항,NL,2026-03-23,44.61,1507.68,0.12,2.46
KRPUS,부산항,NLRTM,로테르담항,NL,2026-03-30,36.17,1349.88,0.0,1.94
KRPUS,부산항,NLRTM,로테르담항,NL,2026-04-13,36.72,1120.36,0.0,30.95
KRPUS,부산항,NLRTM,로테르담항,NL,2026-06-15,19.17,1342.86,0.0,35.95
KRPUS,부산항,NLRTM,로테르담항,NL,2026-06-22,31.78,1464.14,0.0,11.87
KRPUS,부산항,SGSIN,싱가포르항,SG,2025-05-28,22.62,293.56,0.06,5.36
KRPUS,부산항,SGSIN,싱가포르항,SG,2025-06-11,25.53,346.29,0.03,13.58
KRPUS,부산항,SGSIN,싱가포르항,SG,2025-06-11,25.8,394.73,0.0,69.46
KRPUS,부산항,SGSIN,싱가포르항,SG,2025-06-30,21.55,328.89,0.08,16.94
KRPUS,부산항,SGSIN,싱가포르항,SG,2025-06-30,23.71,356.22,0.02,7.44
KRPUS,부산항,SGSIN,싱가포르항,SG,2025-06-30,22.74,364.02,0.05,11.48
KRPUS,부산항,SGSIN,싱가포르항,SG,2025-07-08,22.88,347.63,0.03,14.01
KRPUS,부산항,SGSIN,싱가포르항,SG,2025-07-16,20.4,378.09,0.0,7.82
KRPUS,부산항,SGSIN,싱가포르항,SG,2025-07-29,21.68,368.71,0.1,1.75
KRPUS,부산항,SGSIN,싱가포르항,SG,2025-07-29,19.59,391.64,0.02,13.33
KRPUS,부산항,SGSIN,싱가포르항,SG,2025-08-06,20.93,382.25,0.05,17.89
KRPUS,부산항,SGSIN,싱가포르항,SG,2025-08-13,20.09,386.64,0.01,23.7
KRPUS,부산항,SGSIN,싱가포르항,SG,2025-08-21,19.04,360.31,0.06,14.46
KRPUS,부산항,SGSIN,싱가포르항,SG,2025-08-28,21.77,356.1,0.01,18.18
KRPUS,부산항,SGSIN,싱가포르항,SG,2025-09-10,18.2,390.18,0.05,17.7
KRPUS,부산항,SGSIN,싱가포르항,SG,2025-09-10,19.9,418.13,0.06,25.64
KRPUS,부산항,SGSIN,싱가포르항,SG,2025-09-24,20.69,302.14,0.07,30.67
KRPUS,부산항,SGSIN,싱가포르항,SG,2025-10-15,22.98,408.43,0.03,16.27
KRPUS,부산항,SGSIN,싱가포르항,SG,2025-10-15,17.24,409.04,0.03,26.77
KRPUS,부산항,SGSIN,싱가포르항,SG,2025-10-15,16.54,487.31,0.0,18.59
KRPUS,부산항,SGSIN,싱가포르항,SG,2025-10-15,20.08,411.65,0.0,14.74
KRPUS,부산항,SGSIN,싱가포르항,SG,2025-10-22,19.16,377.35,0.05,25.91
KRPUS,부산항,SGSIN,싱가포르항,SG,2025-10-28,19.74,351.6,0.03,15.16
KRPUS,부산항,SGSIN,싱가포르항,SG,2025-11-05,17.49,316.8,0.06,10.11
KRPUS,부산항,SGSIN,싱가포르항,SG,2025-11-18,17.37,328.0,0.06,14.33
KRPUS,부산항,SGSIN,싱가포르항,SG,2025-11-18,20.33,469.02,0.0,14.41
KRPUS,부산항,SGSIN,싱가포르항,SG,2025-12-02,19.39,352.86,0.06,11.58
KRPUS,부산항,SGSIN,싱가포르항,SG,2025-12-08,17.9,400.81,0.03,14.91
KRPUS,부산항,SGSIN,싱가포르항,SG,2025-12-15,20.53,362.9,0.02,11.95
KRPUS,부산항,SGSIN,싱가포르항,SG,2025-12-22,20.21,387.76,0.02,19.05
KRPUS,부산항,SGSIN,싱가포르항,SG,2025-12-29,21.57,388.42,0.03,16.51
KRPUS,부산항,SGSIN,싱가포르항,SG,2026-01-05,22.53,327.1,0.1,-0.22
KRPUS,부산항,SGSIN,싱가포르항,SG,2026-01-12,21.56,344.69,0.0,10.11
KRPUS,부산항,SGSIN,싱가포르항,SG,2026-01-19,21.58,365.91,0.01,9.23
KRPUS,부산항,SGSIN,싱가포르항,SG,2026-01-27,19.26,369.78,0.02,12.39
KRPUS,부산항,SGSIN,싱가포르항,SG,2026-02-02,21.33,386.3,0.02,18.34
KRPUS,부산항,SGSIN,싱가포르항,SG,2026-02-09,20.8,398.06,0.0,12.63
KRPUS,부산항,SGSIN,싱가포르항,SG,2026-02-23,20.82,402.59,0.0,9.12
KRPUS,부산항,SGSIN,싱가포르항,SG,2026-02-23,18.67,369.13,0.0,10.04
KRPUS,부산항,SGSIN,싱가포르항,SG,2026-03-09,20.76,401.07,0.0,5.14
KRPUS,부산항,SGSIN,싱가포르항,SG,2026-03-09,20.07,379.44,0.09,26.99
KRPUS,부산항,SGSIN,싱가포르항,SG,2026-03-16,18.89,304.55,0.0,28.76
KRPUS,부산항,SGSIN,싱가포르항,SG,2026-03-23,21.38,323.67,0.01,11.55
KRPUS,부산항,SGSIN,싱가포르항,SG,2026-03-30,19.88,370.59,0.0,18.78
KRPUS,부산항,SGSIN,싱가포르항,SG,2026-04-13,19.53,317.52,0.02,6.82
KRPUS,부산항,SGSIN,싱가포르항,SG,2026-04-13,15.83,344.67,0.02,2.62
KRPUS,부산항,SGSIN,싱가포르항,SG,2026-04-24,19.67,382.7,0.01,8.56
KRPUS,부산항,SGSIN,싱가포르항,SG,2026-04-27,19.76,370.38,0.02,6.18
KRPUS,부산항,SGSIN,싱가포르항,SG,2026-05-12,20.6,391.17,0.03,-29.45
KRPUS,부산항,SGSIN,싱가포르항,SG,2026-05-29,20.06,376.68,0.0,7.21
KRPUS,부산항,SGSIN,싱가포르항,SG,2026-06-15,17.86,284.15,0.11,15.05
KRPUS,부산항,SGSIN,싱가포르항,SG,2026-06-15,21.07,390.37,0.03,18.61
KRPUS,부산항,SGSIN,싱가포르항,SG,2026-06-15,21.06,357.49,0.08,12.42
KRPUS,부산항,SGSIN,싱가포르항,SG,2026-06-22,17.94,382.31,0.0,17.67
KRPUS,부산항,THLCH,램차방항,TH,2025-05-28,18.02,280.95,0.09,-2.69
KRPUS,부산항,THLCH,램차방항,TH,2025-06-11,17.54,326.97,0.01,8.28
KRPUS,부산항,THLCH,램차방항,TH,2025-06-11,19.03,194.96,0.0,-0.09
KRPUS,부산항,USLAX,로스앤젤레스항,US,2025-05-28,19.03,331.52,0.0,-2.56
KRPUS,부산항,USLAX,로스앤젤레스항,US,2025-06-11,26.05,300.81,0.0,7.75
KRPUS,부산항,USLAX,로스앤젤레스항,US,2025-06-30,19.39,325.74,0.02,-7.71
KRPUS,부산항,USLAX,로스앤젤레스항,US,2025-06-30,19.14,292.97,0.0,4.76
KRPUS,부산항,USLAX,로스앤젤레스항,US,2025-06-30,19.63,319.2,0.0,6.33
KRPUS,부산항,USLAX,로스앤젤레스항,US,2025-07-08,16.18,312.88,0.0,3.77
KRPUS,부산항,USLAX,로스앤젤레스항,US,2025-07-16,18.25,358.39,0.14,-44.73
KRPUS,부산항,USLAX,로스앤젤레스항,US,2025-07-29,17.76,327.32,0.06,-0.3
KRPUS,부산항,USLAX,로스앤젤레스항,US,2025-07-29,20.83,341.0,0.0,4.62
KRPUS,부산항,USLAX,로스앤젤레스항,US,2025-08-06,14.81,364.17,0.0,1.99
KRPUS,부산항,USLAX,로스앤젤레스항,US,2025-08-13,16.68,346.32,0.0,1.41
KRPUS,부산항,USLAX,로스앤젤레스항,US,2025-08-21,18.91,330.47,0.0,-2.68
KRPUS,부산항,USLAX,로스앤젤레스항,US,2025-08-28,17.67,332.33,0.0,7.77
KRPUS,부산항,USLAX,로스앤젤레스항,US,2025-09-10,18.16,355.14,0.03,5.99
KRPUS,부산항,USLAX,로스앤젤레스항,US,2025-09-10,15.61,362.75,0.0,13.75
KRPUS,부산항,USLAX,로스앤젤레스항,US,2025-09-24,17.78,361.1,0.04,6.34
KRPUS,부산항,USLAX,로스앤젤레스항,US,2025-10-15,15.55,395.06,0.0,14.76
KRPUS,부산항,USLAX,로스앤젤레스항,US,2025-10-15,16.86,346.94,0.0,14.93
KRPUS,부산항,USLAX,로스앤젤레스항,US,2025-10-15,14.75,332.19,0.0,11.0
KRPUS,부산항,USLAX,로스앤젤레스항,US,2025-10-15,12.76,357.24,0.0,3.07
KRPUS,부산항,USLAX,로스앤젤레스항,US,2025-10-22,15.94,317.23,0.0,38.94
KRPUS,부산항,USLAX,로스앤젤레스항,US,2025-10-28,15.33,395.84,0.0,17.46
KRPUS,부산항,USLAX,로스앤젤레스항,US,2025-11-05,18.83,333.97,0.0,1.9
KRPUS,부산항,USLAX,로스앤젤레스항,US,2025-11-18,16.86,379.65,0.0,8.94
KRPUS,부산항,USLAX,로스앤젤레스항,US,2025-11-18,18.75,380.29,0.0,23.21
KRPUS,부산항,USLAX,로스앤젤레스항,US,2025-12-02,12.17,430.84,0.0,1.92
KRPUS,부산항,USLAX,로스앤젤레스항,US,2025-12-08,18.93,341.64,0.0,2.89
KRPUS,부산항,USLAX,로스앤젤레스항,US,2025-12-15,15.29,316.73,0.0,11.92
KRPUS,부산항,USLAX,로스앤젤레스항,US,2025-12-22,20.44,353.87,0.07,5.86
KRPUS,부산항,USLAX,로스앤젤레스항,US,2025-12-29,16.35,353.71,0.0,0.28
KRPUS,부산항,USLAX,로스앤젤레스항,US,2026-01-05,23.17,457.8,0.0,0.92
KRPUS,부산항,USLAX,로스앤젤레스항,US,2026-01-12,18.01,348.19,0.0,9.93
KRPUS,부산항,USLAX,로스앤젤레스항,US,2026-01-19,14.31,365.72,0.0,-21.07
KRPUS,부산항,USLAX,로스앤젤레스항,US,2026-01-27,17.39,384.67,0.0,29.71
KRPUS,부산항,USLAX,로스앤젤레스항,US,2026-02-02,23.91,469.56,0.0,-3.08
KRPUS,부산항,USLAX,로스앤젤레스항,US,2026-02-09,19.76,371.26,0.0,-322.05
KRPUS,부산항,USLAX,로스앤젤레스항,US,2026-02-23,17.28,313.71,0.0,40.93
KRPUS,부산항,USLAX,로스앤젤레스항,US,2026-02-23,19.42,324.63,0.0,15.95
KRPUS,부산항,USLAX,로스앤젤레스항,US,2026-03-09,24.17,318.86,0.0,34.93
KRPUS,부산항,USLAX,로스앤젤레스항,US,2026-03-09,24.9,395.63,0.0,1.22
KRPUS,부산항,USLAX,로스앤젤레스항,US,2026-03-16,20.68,405.74,0.0,20.9
KRPUS,부산항,USLAX,로스앤젤레스항,US,2026-03-23,22.55,319.13,0.0,31.36
KRPUS,부산항,USLAX,로스앤젤레스항,US,2026-03-30,13.66,326.05,0.0,12.62
KRPUS,부산항,USLAX,로스앤젤레스항,US,2026-04-13,21.68,307.35,0.0,0.95
KRPUS,부산항,USLAX,로스앤젤레스항,US,2026-04-24,18.46,373.88,0.22,-2.72
KRPUS,부산항,USLAX,로스앤젤레스항,US,2026-04-27,21.42,357.59,0.0,22.94
KRPUS,부산항,USLAX,로스앤젤레스항,US,2026-05-12,18.93,311.19,0.0,5.96
KRPUS,부산항,USLAX,로스앤젤레스항,US,2026-05-29,21.12,355.58,0.0,4.79
KRPUS,부산항,USLAX,로스앤젤레스항,US,2026-06-15,18.61,336.75,0.0,7.68
KRPUS,부산항,USLAX,로스앤젤레스항,US,2026-06-15,18.76,400.23,0.0,9.71
KRPUS,부산항,USLAX,로스앤젤레스항,US,2026-06-15,19.04,351.35,0.0,11.35
KRPUS,부산항,USLAX,로스앤젤레스항,US,2026-06-22,11.65,276.85,0.0,12.92
KRPUS,부산항,USNYC,뉴욕항,US,2025-06-11,24.54,612.52,0.0,17.4
KRPUS,부산항,USNYC,뉴욕항,US,2025-06-30,23.51,608.09,0.0,135.92
KRPUS,부산항,USNYC,뉴욕항,US,2025-07-16,21.73,615.3,0.0,-8.07
KRPUS,부산항,USNYC,뉴욕항,US,2025-07-29,30.68,670.9,0.0,22.42
KRPUS,부산항,USNYC,뉴욕항,US,2025-08-21,16.93,607.15,0.0,3.43
KRPUS,부산항,USNYC,뉴욕항,US,2025-09-10,17.28,720.28,0.0,18.95
KRPUS,부산항,USNYC,뉴욕항,US,2025-09-24,20.17,635.43,0.0,8.42
KRPUS,부산항,USNYC,뉴욕항,US,2025-10-15,19.01,710.83,0.0,26.44
KRPUS,부산항,USNYC,뉴욕항,US,2025-10-15,10.95,775.73,0.0,6.94
KRPUS,부산항,USNYC,뉴욕항,US,2025-10-15,30.51,745.56,0.0,3.98
KRPUS,부산항,USNYC,뉴욕항,US,2025-10-22,29.27,713.37,0.0,55.44
KRPUS,부산항,USNYC,뉴욕항,US,2025-11-05,16.97,688.49,0.0,15.33
KRPUS,부산항,USNYC,뉴욕항,US,2025-11-18,22.35,778.68,0.0,20.83
KRPUS,부산항,USNYC,뉴욕항,US,2025-11-18,19.46,750.0,0.0,14.84
KRPUS,부산항,USNYC,뉴욕항,US,2025-12-02,25.25,651.45,0.0,39.19
KRPUS,부산항,USNYC,뉴욕항,US,2025-12-08,25.83,749.46,0.0,13.94
KRPUS,부산항,USNYC,뉴욕항,US,2025-12-15,25.23,680.77,0.0,46.95
KRPUS,부산항,USNYC,뉴욕항,US,2025-12-22,22.32,762.96,0.0,39.6
KRPUS,부산항,USNYC,뉴욕항,US,2026-01-12,21.97,744.7,0.22,38.5
KRPUS,부산항,USNYC,뉴욕항,US,2026-02-09,20.43,782.6,0.0,3.95
KRPUS,부산항,USNYC,뉴욕항,US,2026-02-23,18.29,739.74,0.1,0.94
KRPUS,부산항,USNYC,뉴욕항,US,2026-02-23,23.47,703.52,0.0,23.92
KRPUS,부산항,USNYC,뉴욕항,US,2026-03-09,25.82,734.71,0.3,-3.57
KRPUS,부산항,USNYC,뉴욕항,US,2026-03-09,22.61,712.97,0.0,8.93
KRPUS,부산항,USNYC,뉴욕항,US,2026-03-23,22.84,720.43,0.0,11.33
KRPUS,부산항,USNYC,뉴욕항,US,2026-03-30,25.05,690.3,0.0,10.77
KRPUS,부산항,USNYC,뉴욕항,US,2026-04-13,12.01,700.73,0.44,-41.29
KRPUS,부산항,USNYC,뉴욕항,US,2026-04-13,19.61,869.45,0.0,3.95
KRPUS,부산항,USNYC,뉴욕항,US,2026-04-24,21.2,726.8,0.0,3.95
KRPUS,부산항,USNYC,뉴욕항,US,2026-04-27,23.65,783.37,0.0,6.6
KRPUS,부산항,USNYC,뉴욕항,US,2026-05-12,21.02,755.57,0.03,30.56
KRPUS,부산항,USNYC,뉴욕항,US,2026-05-29,18.39,751.23,0.0,3.44
KRPUS,부산항,USNYC,뉴욕항,US,2026-06-15,20.45,872.87,0.0,3.92
KRPUS,부산항,USNYC,뉴욕항,US,2026-06-15,18.56,599.55,0.0,3.47
KRPUS,부산항,USNYC,뉴욕항,US,2026-06-22,25.58,751.45,0.0,9.95
KRPUS,부산항,VNSGN,호치민항,VN,2025-05-28,13.51,188.98,0.49,0.41
KRPUS,부산항,VNSGN,호치민항,VN,2025-06-30,18.98,175.64,0.27,16.92
KRPUS,부산항,VNSGN,호치민항,VN,2025-06-30,17.36,204.36,0.09,23.81
KRPUS,부산항,VNSGN,호치민항,VN,2025-06-30,15.32,209.24,0.09,9.63
KRPUS,부산항,VNSGN,호치민항,VN,2025-07-08,13.71,214.67,0.1,14.38
KRPUS,부산항,VNSGN,호치민항,VN,2025-07-16,14.99,191.54,0.28,14.1
KRPUS,부산항,VNSGN,호치민항,VN,2025-07-29,18.91,193.98,0.21,12.19
KRPUS,부산항,VNSGN,호치민항,VN,2025-07-29,12.55,189.57,0.0,7.83
KRPUS,부산항,VNSGN,호치민항,VN,2025-08-06,17.58,206.4,0.56,19.92
KRPUS,부산항,VNSGN,호치민항,VN,2025-08-13,19.25,175.08,0.12,16.3
KRPUS,부산항,VNSGN,호치민항,VN,2025-08-28,15.34,216.44,0.24,10.9
KRPUS,부산항,VNSGN,호치민항,VN,2025-09-10,16.29,179.03,0.29,1.88
KRPUS,부산항,VNSGN,호치민항,VN,2025-09-10,21.48,182.64,0.44,0.42
KRPUS,부산항,VNSGN,호치민항,VN,2025-09-24,14.16,214.26,0.2,4.42
KRPUS,부산항,VNSGN,호치민항,VN,2025-10-15,17.56,176.57,0.43,6.93
KRPUS,부산항,VNSGN,호치민항,VN,2025-10-15,15.22,211.65,0.2,9.07
KRPUS,부산항,VNSGN,호치민항,VN,2025-10-15,15.07,242.4,0.19,17.14
KRPUS,부산항,VNSGN,호치민항,VN,2025-10-22,20.15,198.01,0.93,10.92
KRPUS,부산항,VNSGN,호치민항,VN,2025-10-28,19.45,163.73,0.48,7.87
KRPUS,부산항,VNSGN,호치민항,VN,2025-11-05,16.79,219.83,0.0,15.97
KRPUS,부산항,VNSGN,호치민항,VN,2025-11-18,21.37,190.64,0.35,8.43
KRPUS,부산항,VNSGN,호치민항,VN,2025-11-18,14.73,232.52,0.07,15.11
KRPUS,부산항,VNSGN,호치민항,VN,2025-12-02,21.7,267.92,0.0,19.43
KRPUS,부산항,VNSGN,호치민항,VN,2025-12-08,16.12,224.43,0.02,31.52
KRPUS,부산항,VNSGN,호치민항,VN,2025-12-15,18.28,187.39,0.11,9.14
KRPUS,부산항,VNSGN,호치민항,VN,2025-12-22,16.5,222.81,0.03,13.7
KRPUS,부산항,VNSGN,호치민항,VN,2025-12-29,17.72,208.95,0.03,1.92
KRPUS,부산항,VNSGN,호치민항,VN,2026-01-05,18.08,188.91,0.18,15.59
KRPUS,부산항,VNSGN,호치민항,VN,2026-01-12,16.72,244.69,0.11,21.71
KRPUS,부산항,VNSGN,호치민항,VN,2026-01-19,15.35,215.68,0.17,11.26
KRPUS,부산항,VNSGN,호치민항,VN,2026-01-27,13.36,228.36,0.16,8.09
KRPUS,부산항,VNSGN,호치민항,VN,2026-02-02,18.44,189.31,0.06,7.8
KRPUS,부산항,VNSGN,호치민항,VN,2026-02-09,18.36,192.96,0.0,10.06
KRPUS,부산항,VNSGN,호치민항,VN,2026-02-23,17.47,228.0,0.07,5.68
KRPUS,부산항,VNSGN,호치민항,VN,2026-02-23,15.07,223.95,0.0,1.88
KRPUS,부산항,VNSGN,호치민항,VN,2026-03-09,18.29,203.94,0.0,6.93
KRPUS,부산항,VNSGN,호치민항,VN,2026-03-09,17.67,216.44,0.02,2.3
KRPUS,부산항,VNSGN,호치민항,VN,2026-03-16,14.68,224.91,0.08,4.07
KRPUS,부산항,VNSGN,호치민항,VN,2026-03-23,16.12,216.82,0.0,23.19
KRPUS,부산항,VNSGN,호치민항,VN,2026-03-30,17.79,207.37,0.09,9.0
KRPUS,부산항,VNSGN,호치민항,VN,2026-04-13,19.28,192.51,0.06,23.22
KRPUS,부산항,VNSGN,호치민항,VN,2026-04-13,14.45,235.05,0.07,25.21
KRPUS,부산항,VNSGN,호치민항,VN,2026-04-24,18.05,226.27,0.02,13.65
KRPUS,부산항,VNSGN,호치민항,VN,2026-04-27,15.01,232.21,0.0,23.55
KRPUS,부산항,VNSGN,호치민항,VN,2026-05-12,15.31,245.36,0.12,13.71
KRPUS,부산항,VNSGN,호치민항,VN,2026-05-29,17.9,158.42,0.16,11.23
KRPUS,부산항,VNSGN,호치민항,VN,2026-06-15,17.12,216.15,0.18,31.91
KRPUS,부산항,VNSGN,호치민항,VN,2026-06-15,17.32,237.27,0.05,7.17
KRPUS,부산항,VNSGN,호치민항,VN,2026-06-15,18.19,232.12,0.02,22.3
KRPUS,부산항,VNSGN,호치민항,VN,2026-06-22,15.05,240.09,0.0,18.28
